{
  "name": "sample2",
  "last_score": 16,
  "last_gamelog":
    "----------------------------\n|0|2|0|0|\n|0|0|0|0|\n|0|2|0|0|\n|0|0|0|0|\nP1's move:----------------------------\n|0|0|0|0|\n|0|0|0|0|\n|0|0|0|0|\n|0|4|0|0|\n\nCPU's move: ----------------------------\n|0|0|0|0|\n|0|0|0|0|\n|0|0|0|0|\n|2|4|0|0|\nP1's move:----------------------------\n|0|0|0|0|\n|0|0|0|0|\n|0|0|0|0|\n|0|0|2|4|\n\nCPU's move: ----------------------------\n|2|0|0|0|\n|0|0|0|0|\n|0|0|0|0|\n|0|0|2|4|\nP1's move:----------------------------\n|2|0|2|4|\n|0|0|0|0|\n|0|0|0|0|\n|0|0|0|0|\n\nCPU's move: ----------------------------\n|2|0|2|4|\n|0|0|2|0|\n|0|0|0|0|\n|0|0|0|0|\nP1's move:----------------------------\n|8|0|0|0|\n|2|0|0|0|\n|0|0|0|0|\n|0|0|0|0|\n\nCPU's move: ----------------------------\n|8|0|0|0|\n|2|2|0|0|\n|0|0|0|0|\n|0|0|0|0|",
  "games_played": 2,
  "date_joined": "12/7/2019",
  "last_played": "12/7/2019",
  "all_scores": "16,8",
  "title": "Trying out non-empty values"
}