{
  "row0": "8000",
  "row1": "2200",
  "row2": "0000",
  "row3": "0000",
  "score": 16,
  "gamelog":
    "----------------------------\n|0|2|0|0|\n|0|0|0|0|\n|0|2|0|0|\n|0|0|0|0|\nP1's move:----------------------------\n|0|0|0|0|\n|0|0|0|0|\n|0|0|0|0|\n|0|4|0|0|\n\nCPU's move: ----------------------------\n|0|0|0|0|\n|0|0|0|0|\n|0|0|0|0|\n|2|4|0|0|\nP1's move:----------------------------\n|0|0|0|0|\n|0|0|0|0|\n|0|0|0|0|\n|0|0|2|4|\n\nCPU's move: ----------------------------\n|2|0|0|0|\n|0|0|0|0|\n|0|0|0|0|\n|0|0|2|4|\nP1's move:----------------------------\n|2|0|2|4|\n|0|0|0|0|\n|0|0|0|0|\n|0|0|0|0|\n\nCPU's move: ----------------------------\n|2|0|2|4|\n|0|0|2|0|\n|0|0|0|0|\n|0|0|0|0|\nP1's move:----------------------------\n|8|0|0|0|\n|2|0|0|0|\n|0|0|0|0|\n|0|0|0|0|\n\nCPU's move: ----------------------------\n|8|0|0|0|\n|2|2|0|0|\n|0|0|0|0|\n|0|0|0|0|"
}